epoch,accuracy,dice_coef,jaccard_coef,loss,val_accuracy,val_dice_coef,val_jaccard_coef,val_loss
0,0.6924355,0.48503488,0.32853815,1.4876891214636307,0.7041335701942444,0.6009635329246521,0.4300534725189209,1.280663251876831
1,0.6956858,0.5794709,0.40889546,1.2145483599433415,0.7052664756774902,0.5819151401519775,0.41092535853385925,1.1641607284545898
