epoch,accuracy,dice_coef,jaccard_coef,loss,val_accuracy,val_dice_coef,val_jaccard_coef,val_loss
0,0.6952805,0.54105,0.37504134,1.3285992507693134,0.7041335701942444,0.5850788354873657,0.41390475630760193,1.2339210510253906
